cohort_month,cohort_customers,months_since_first,active_customers,retention_pct
2019-01-01,2,0,2,100.0
2019-02-01,5,0,5,100.0
2019-02-01,5,82,1,20.0
2019-02-01,5,83,1,20.0
2019-03-01,9,0,9,100.0
2019-03-01,9,14,1,11.11
2019-04-01,12,0,12,100.0
2019-04-01,12,8,1,8.33
2019-04-01,12,17,1,8.33
2019-04-01,12,60,1,8.33
2019-05-01,11,0,11,100.0
2019-05-01,11,48,1,9.09
2019-05-01,11,63,1,9.09
2019-06-01,22,0,22,100.0
2019-06-01,22,11,1,4.55
2019-06-01,22,18,1,4.55
2019-06-01,22,21,1,4.55
2019-06-01,22,29,1,4.55
2019-06-01,22,69,1,4.55
2019-06-01,22,76,1,4.55
2019-06-01,22,80,1,4.55
2019-07-01,32,0,32,100.0
2019-07-01,32,1,1,3.13
2019-07-01,32,4,1,3.13
2019-07-01,32,27,1,3.13
2019-07-01,32,38,1,3.13
2019-07-01,32,42,1,3.13
2019-07-01,32,50,1,3.13
2019-07-01,32,63,1,3.13
2019-07-01,32,68,1,3.13
2019-07-01,32,84,1,3.13
2019-08-01,32,0,32,100.0
2019-08-01,32,1,1,3.13
2019-08-01,32,44,1,3.13
2019-09-01,25,0,25,100.0
2019-09-01,25,1,1,4.0
2019-09-01,25,10,1,4.0
2019-09-01,25,11,1,4.0
2019-09-01,25,13,1,4.0
2019-09-01,25,25,1,4.0
2019-09-01,25,33,1,4.0
2019-09-01,25,39,1,4.0
2019-09-01,25,43,1,4.0
2019-09-01,25,63,1,4.0
2019-10-01,35,0,35,100.0
2019-10-01,35,1,3,8.57
2019-10-01,35,3,1,2.86
2019-10-01,35,5,1,2.86
2019-10-01,35,7,1,2.86
2019-10-01,35,8,1,2.86
2019-10-01,35,18,1,2.86
2019-10-01,35,53,1,2.86
2019-10-01,35,58,1,2.86
2019-11-01,39,0,39,100.0
2019-11-01,39,1,1,2.56
2019-11-01,39,6,1,2.56
2019-11-01,39,18,1,2.56
2019-11-01,39,19,1,2.56
2019-11-01,39,26,1,2.56
2019-11-01,39,28,1,2.56
2019-11-01,39,31,1,2.56
2019-11-01,39,32,1,2.56
2019-11-01,39,34,1,2.56
2019-11-01,39,42,1,2.56
2019-11-01,39,57,1,2.56
2019-11-01,39,58,1,2.56
2019-11-01,39,62,1,2.56
2019-11-01,39,73,1,2.56
2019-12-01,48,0,48,100.0
2019-12-01,48,1,1,2.08
2019-12-01,48,5,1,2.08
2019-12-01,48,6,1,2.08
2019-12-01,48,8,2,4.17
2019-12-01,48,13,1,2.08
2019-12-01,48,20,1,2.08
2019-12-01,48,21,1,2.08
2019-12-01,48,22,1,2.08
2019-12-01,48,23,2,4.17
2019-12-01,48,27,1,2.08
2019-12-01,48,39,1,2.08
2019-12-01,48,43,2,4.17
2019-12-01,48,49,1,2.08
2019-12-01,48,51,2,4.17
2019-12-01,48,56,1,2.08
2019-12-01,48,58,1,2.08
2020-01-01,38,0,38,100.0
2020-01-01,38,1,1,2.63
2020-01-01,38,7,1,2.63
2020-01-01,38,17,1,2.63
2020-01-01,38,33,1,2.63
2020-01-01,38,37,1,2.63
2020-01-01,38,47,1,2.63
2020-01-01,38,49,1,2.63
2020-01-01,38,50,1,2.63
2020-01-01,38,54,2,5.26
2020-01-01,38,63,1,2.63
2020-01-01,38,64,1,2.63
2020-01-01,38,74,1,2.63
2020-02-01,50,0,50,100.0
2020-02-01,50,1,2,4.0
2020-02-01,50,16,1,2.0
2020-02-01,50,18,1,2.0
2020-02-01,50,21,1,2.0
2020-02-01,50,34,1,2.0
2020-02-01,50,37,2,4.0
2020-02-01,50,46,1,2.0
2020-02-01,50,48,1,2.0
2020-02-01,50,64,2,4.0
2020-03-01,74,0,74,100.0
2020-03-01,74,1,1,1.35
2020-03-01,74,2,1,1.35
2020-03-01,74,13,1,1.35
2020-03-01,74,14,1,1.35
2020-03-01,74,18,1,1.35
2020-03-01,74,24,1,1.35
2020-03-01,74,26,1,1.35
2020-03-01,74,29,2,2.7
2020-03-01,74,32,1,1.35
2020-03-01,74,33,1,1.35
2020-03-01,74,39,1,1.35
2020-03-01,74,42,1,1.35
2020-03-01,74,43,1,1.35
2020-03-01,74,44,1,1.35
2020-03-01,74,58,1,1.35
2020-03-01,74,60,1,1.35
2020-03-01,74,62,1,1.35
2020-03-01,74,69,1,1.35
2020-03-01,74,73,1,1.35
2020-04-01,61,0,61,100.0
2020-04-01,61,1,3,4.92
2020-04-01,61,10,1,1.64
2020-04-01,61,17,1,1.64
2020-04-01,61,29,1,1.64
2020-04-01,61,44,1,1.64
2020-04-01,61,50,1,1.64
2020-04-01,61,52,1,1.64
2020-04-01,61,58,1,1.64
2020-04-01,61,60,1,1.64
2020-04-01,61,61,1,1.64
2020-04-01,61,66,3,4.92
2020-04-01,61,67,1,1.64
2020-04-01,61,68,1,1.64
2020-04-01,61,71,1,1.64
2020-05-01,67,0,67,100.0
2020-05-01,67,1,2,2.99
2020-05-01,67,4,1,1.49
2020-05-01,67,10,2,2.99
2020-05-01,67,11,2,2.99
2020-05-01,67,15,1,1.49
2020-05-01,67,19,1,1.49
2020-05-01,67,23,1,1.49
2020-05-01,67,29,1,1.49
2020-05-01,67,36,1,1.49
2020-05-01,67,38,1,1.49
2020-05-01,67,44,2,2.99
2020-05-01,67,49,1,1.49
2020-05-01,67,50,1,1.49
2020-05-01,67,52,1,1.49
2020-05-01,67,53,1,1.49
2020-05-01,67,66,2,2.99
2020-05-01,67,69,1,1.49
2020-05-01,67,75,1,1.49
2020-06-01,74,0,74,100.0
2020-06-01,74,1,3,4.05
2020-06-01,74,21,1,1.35
2020-06-01,74,23,1,1.35
2020-06-01,74,25,1,1.35
2020-06-01,74,26,1,1.35
2020-06-01,74,36,1,1.35
2020-06-01,74,42,1,1.35
2020-06-01,74,43,1,1.35
2020-06-01,74,48,1,1.35
2020-06-01,74,58,1,1.35
2020-06-01,74,61,1,1.35
2020-06-01,74,65,1,1.35
2020-06-01,74,69,1,1.35
2020-07-01,76,0,76,100.0
2020-07-01,76,1,3,3.95
2020-07-01,76,7,1,1.32
2020-07-01,76,9,1,1.32
2020-07-01,76,13,1,1.32
2020-07-01,76,15,1,1.32
2020-07-01,76,30,1,1.32
2020-07-01,76,41,1,1.32
2020-07-01,76,55,1,1.32
2020-07-01,76,56,1,1.32
2020-07-01,76,70,1,1.32
2020-07-01,76,71,1,1.32
2020-07-01,76,73,1,1.32
2020-08-01,63,0,63,100.0
2020-08-01,63,1,3,4.76
2020-08-01,63,2,1,1.59
2020-08-01,63,3,1,1.59
2020-08-01,63,4,1,1.59
2020-08-01,63,13,1,1.59
2020-08-01,63,16,1,1.59
2020-08-01,63,22,1,1.59
2020-08-01,63,27,1,1.59
2020-08-01,63,28,1,1.59
2020-08-01,63,30,1,1.59
2020-08-01,63,34,1,1.59
2020-08-01,63,35,1,1.59
2020-08-01,63,39,1,1.59
2020-08-01,63,42,1,1.59
2020-08-01,63,45,1,1.59
2020-08-01,63,61,1,1.59
2020-08-01,63,62,1,1.59
2020-08-01,63,69,1,1.59
2020-08-01,63,70,1,1.59
2020-09-01,71,0,71,100.0
2020-09-01,71,1,2,2.82
2020-09-01,71,3,2,2.82
2020-09-01,71,6,1,1.41
2020-09-01,71,9,1,1.41
2020-09-01,71,10,1,1.41
2020-09-01,71,15,1,1.41
2020-09-01,71,33,1,1.41
2020-09-01,71,37,1,1.41
2020-09-01,71,38,1,1.41
2020-09-01,71,46,1,1.41
2020-09-01,71,48,1,1.41
2020-09-01,71,50,1,1.41
2020-09-01,71,64,2,2.82
2020-09-01,71,65,1,1.41
2020-09-01,71,66,1,1.41
2020-09-01,71,68,1,1.41
2020-10-01,86,0,86,100.0
2020-10-01,86,1,1,1.16
2020-10-01,86,4,1,1.16
2020-10-01,86,13,1,1.16
2020-10-01,86,15,1,1.16
2020-10-01,86,23,1,1.16
2020-10-01,86,24,1,1.16
2020-10-01,86,26,1,1.16
2020-10-01,86,29,1,1.16
2020-10-01,86,32,1,1.16
2020-10-01,86,41,2,2.33
2020-10-01,86,50,1,1.16
2020-10-01,86,51,2,2.33
2020-10-01,86,52,1,1.16
2020-10-01,86,55,1,1.16
2020-10-01,86,58,2,2.33
2020-10-01,86,67,2,2.33
2020-11-01,89,0,89,100.0
2020-11-01,89,4,1,1.12
2020-11-01,89,8,1,1.12
2020-11-01,89,13,2,2.25
2020-11-01,89,15,1,1.12
2020-11-01,89,16,1,1.12
2020-11-01,89,19,1,1.12
2020-11-01,89,21,2,2.25
2020-11-01,89,29,1,1.12
2020-11-01,89,34,1,1.12
2020-11-01,89,35,1,1.12
2020-11-01,89,44,1,1.12
2020-11-01,89,45,1,1.12
2020-11-01,89,47,2,2.25
2020-11-01,89,56,1,1.12
2020-11-01,89,57,1,1.12
2020-11-01,89,58,1,1.12
2020-11-01,89,60,1,1.12
2020-11-01,89,66,1,1.12
2020-11-01,89,67,1,1.12
2020-11-01,89,68,1,1.12
2020-12-01,111,0,111,100.0
2020-12-01,111,1,5,4.5
2020-12-01,111,11,1,0.9
2020-12-01,111,17,1,0.9
2020-12-01,111,21,1,0.9
2020-12-01,111,22,1,0.9
2020-12-01,111,23,2,1.8
2020-12-01,111,25,1,0.9
2020-12-01,111,32,1,0.9
2020-12-01,111,34,1,0.9
2020-12-01,111,38,1,0.9
2020-12-01,111,40,1,0.9
2020-12-01,111,42,1,0.9
2020-12-01,111,44,1,0.9
2020-12-01,111,47,1,0.9
2020-12-01,111,50,1,0.9
2020-12-01,111,52,1,0.9
2020-12-01,111,53,1,0.9
2020-12-01,111,54,1,0.9
2020-12-01,111,56,1,0.9
2020-12-01,111,58,1,0.9
2020-12-01,111,62,2,1.8
2020-12-01,111,63,1,0.9
2020-12-01,111,66,1,0.9
2021-01-01,94,0,94,100.0
2021-01-01,94,1,3,3.19
2021-01-01,94,2,1,1.06
2021-01-01,94,3,1,1.06
2021-01-01,94,4,1,1.06
2021-01-01,94,7,1,1.06
2021-01-01,94,10,1,1.06
2021-01-01,94,13,1,1.06
2021-01-01,94,16,1,1.06
2021-01-01,94,18,1,1.06
2021-01-01,94,21,1,1.06
2021-01-01,94,25,1,1.06
2021-01-01,94,27,1,1.06
2021-01-01,94,29,1,1.06
2021-01-01,94,32,1,1.06
2021-01-01,94,35,1,1.06
2021-01-01,94,42,1,1.06
2021-01-01,94,43,1,1.06
2021-01-01,94,48,1,1.06
2021-01-01,94,49,1,1.06
2021-01-01,94,52,1,1.06
2021-01-01,94,59,1,1.06
2021-01-01,94,61,1,1.06
2021-01-01,94,62,1,1.06
2021-02-01,96,0,96,100.0
2021-02-01,96,1,3,3.13
2021-02-01,96,2,1,1.04
2021-02-01,96,3,1,1.04
2021-02-01,96,7,1,1.04
2021-02-01,96,9,1,1.04
2021-02-01,96,14,1,1.04
2021-02-01,96,15,1,1.04
2021-02-01,96,24,1,1.04
2021-02-01,96,26,1,1.04
2021-02-01,96,27,1,1.04
2021-02-01,96,30,1,1.04
2021-02-01,96,35,1,1.04
2021-02-01,96,40,1,1.04
2021-02-01,96,44,1,1.04
2021-02-01,96,46,1,1.04
2021-02-01,96,52,1,1.04
2021-02-01,96,62,1,1.04
2021-02-01,96,63,1,1.04
2021-03-01,93,0,93,100.0
2021-03-01,93,1,2,2.15
2021-03-01,93,14,1,1.08
2021-03-01,93,16,1,1.08
2021-03-01,93,18,1,1.08
2021-03-01,93,26,1,1.08
2021-03-01,93,36,1,1.08
2021-03-01,93,37,1,1.08
2021-03-01,93,39,1,1.08
2021-03-01,93,41,1,1.08
2021-03-01,93,44,1,1.08
2021-03-01,93,52,1,1.08
2021-03-01,93,54,1,1.08
2021-03-01,93,55,1,1.08
2021-03-01,93,56,1,1.08
2021-03-01,93,58,1,1.08
2021-03-01,93,59,1,1.08
2021-03-01,93,65,1,1.08
2021-04-01,123,0,123,100.0
2021-04-01,123,1,2,1.63
2021-04-01,123,4,1,0.81
2021-04-01,123,5,1,0.81
2021-04-01,123,6,1,0.81
2021-04-01,123,7,1,0.81
2021-04-01,123,9,1,0.81
2021-04-01,123,14,1,0.81
2021-04-01,123,15,1,0.81
2021-04-01,123,16,1,0.81
2021-04-01,123,19,1,0.81
2021-04-01,123,20,2,1.63
2021-04-01,123,23,1,0.81
2021-04-01,123,25,1,0.81
2021-04-01,123,27,1,0.81
2021-04-01,123,28,1,0.81
2021-04-01,123,30,1,0.81
2021-04-01,123,31,1,0.81
2021-04-01,123,36,1,0.81
2021-04-01,123,40,1,0.81
2021-04-01,123,46,1,0.81
2021-04-01,123,47,2,1.63
2021-04-01,123,48,1,0.81
2021-04-01,123,49,1,0.81
2021-04-01,123,50,2,1.63
2021-04-01,123,53,2,1.63
2021-04-01,123,57,2,1.63
2021-04-01,123,62,1,0.81
2021-05-01,106,0,106,100.0
2021-05-01,106,1,2,1.89
2021-05-01,106,6,1,0.94
2021-05-01,106,9,1,0.94
2021-05-01,106,10,1,0.94
2021-05-01,106,11,1,0.94
2021-05-01,106,12,1,0.94
2021-05-01,106,20,1,0.94
2021-05-01,106,24,1,0.94
2021-05-01,106,27,1,0.94
2021-05-01,106,37,1,0.94
2021-05-01,106,47,1,0.94
2021-05-01,106,48,1,0.94
2021-05-01,106,51,1,0.94
2021-05-01,106,52,1,0.94
2021-05-01,106,53,1,0.94
2021-05-01,106,54,1,0.94
2021-05-01,106,56,2,1.89
2021-05-01,106,62,1,0.94
2021-06-01,113,0,113,100.0
2021-06-01,113,1,3,2.65
2021-06-01,113,3,1,0.88
2021-06-01,113,6,1,0.88
2021-06-01,113,11,1,0.88
2021-06-01,113,23,3,2.65
2021-06-01,113,25,1,0.88
2021-06-01,113,26,2,1.77
2021-06-01,113,28,1,0.88
2021-06-01,113,35,2,1.77
2021-06-01,113,38,1,0.88
2021-06-01,113,42,1,0.88
2021-06-01,113,46,2,1.77
2021-06-01,113,54,1,0.88
2021-06-01,113,56,1,0.88
2021-06-01,113,57,1,0.88
2021-06-01,113,61,1,0.88
2021-07-01,132,0,132,100.0
2021-07-01,132,1,3,2.27
2021-07-01,132,2,1,0.76
2021-07-01,132,8,1,0.76
2021-07-01,132,14,1,0.76
2021-07-01,132,16,1,0.76
2021-07-01,132,21,1,0.76
2021-07-01,132,23,1,0.76
2021-07-01,132,26,1,0.76
2021-07-01,132,27,1,0.76
2021-07-01,132,28,3,2.27
2021-07-01,132,29,2,1.52
2021-07-01,132,30,2,1.52
2021-07-01,132,34,1,0.76
2021-07-01,132,35,1,0.76
2021-07-01,132,40,1,0.76
2021-07-01,132,42,1,0.76
2021-07-01,132,43,2,1.52
2021-07-01,132,46,1,0.76
2021-07-01,132,50,1,0.76
2021-07-01,132,53,1,0.76
2021-07-01,132,58,1,0.76
2021-07-01,132,61,1,0.76
2021-08-01,151,0,151,100.0
2021-08-01,151,1,4,2.65
2021-08-01,151,2,1,0.66
2021-08-01,151,3,1,0.66
2021-08-01,151,4,1,0.66
2021-08-01,151,8,1,0.66
2021-08-01,151,11,1,0.66
2021-08-01,151,12,2,1.32
2021-08-01,151,13,2,1.32
2021-08-01,151,14,1,0.66
2021-08-01,151,15,1,0.66
2021-08-01,151,16,3,1.99
2021-08-01,151,17,1,0.66
2021-08-01,151,18,1,0.66
2021-08-01,151,22,1,0.66
2021-08-01,151,25,1,0.66
2021-08-01,151,28,1,0.66
2021-08-01,151,29,1,0.66
2021-08-01,151,30,1,0.66
2021-08-01,151,31,1,0.66
2021-08-01,151,32,2,1.32
2021-08-01,151,33,1,0.66
2021-08-01,151,34,1,0.66
2021-08-01,151,36,1,0.66
2021-08-01,151,39,1,0.66
2021-08-01,151,44,1,0.66
2021-08-01,151,45,1,0.66
2021-08-01,151,46,2,1.32
2021-08-01,151,47,1,0.66
2021-08-01,151,48,1,0.66
2021-08-01,151,50,1,0.66
2021-08-01,151,51,2,1.32
2021-08-01,151,55,1,0.66
2021-08-01,151,59,1,0.66
2021-08-01,151,60,1,0.66
2021-09-01,127,0,127,100.0
2021-09-01,127,1,3,2.36
2021-09-01,127,2,1,0.79
2021-09-01,127,3,1,0.79
2021-09-01,127,4,1,0.79
2021-09-01,127,7,1,0.79
2021-09-01,127,10,1,0.79
2021-09-01,127,12,1,0.79
2021-09-01,127,13,1,0.79
2021-09-01,127,16,1,0.79
2021-09-01,127,19,1,0.79
2021-09-01,127,20,1,0.79
2021-09-01,127,23,1,0.79
2021-09-01,127,26,1,0.79
2021-09-01,127,27,1,0.79
2021-09-01,127,35,2,1.57
2021-09-01,127,40,1,0.79
2021-09-01,127,42,2,1.57
2021-09-01,127,45,1,0.79
2021-09-01,127,48,1,0.79
2021-09-01,127,50,1,0.79
2021-09-01,127,54,1,0.79
2021-09-01,127,56,2,1.57
2021-09-01,127,58,1,0.79
2021-10-01,137,0,137,100.0
2021-10-01,137,1,1,0.73
2021-10-01,137,2,2,1.46
2021-10-01,137,3,4,2.92
2021-10-01,137,5,2,1.46
2021-10-01,137,6,1,0.73
2021-10-01,137,12,1,0.73
2021-10-01,137,15,1,0.73
2021-10-01,137,16,2,1.46
2021-10-01,137,17,2,1.46
2021-10-01,137,23,2,1.46
2021-10-01,137,24,2,1.46
2021-10-01,137,26,1,0.73
2021-10-01,137,27,1,0.73
2021-10-01,137,28,1,0.73
2021-10-01,137,29,1,0.73
2021-10-01,137,30,1,0.73
2021-10-01,137,31,1,0.73
2021-10-01,137,40,1,0.73
2021-10-01,137,43,1,0.73
2021-10-01,137,47,1,0.73
2021-10-01,137,50,1,0.73
2021-10-01,137,51,1,0.73
2021-10-01,137,53,1,0.73
2021-10-01,137,55,2,1.46
2021-10-01,137,56,1,0.73
2021-10-01,137,57,2,1.46
2021-11-01,139,0,139,100.0
2021-11-01,139,1,4,2.88
2021-11-01,139,3,1,0.72
2021-11-01,139,4,1,0.72
2021-11-01,139,7,1,0.72
2021-11-01,139,10,2,1.44
2021-11-01,139,11,1,0.72
2021-11-01,139,14,1,0.72
2021-11-01,139,15,1,0.72
2021-11-01,139,19,2,1.44
2021-11-01,139,22,1,0.72
2021-11-01,139,23,4,2.88
2021-11-01,139,26,1,0.72
2021-11-01,139,28,1,0.72
2021-11-01,139,29,1,0.72
2021-11-01,139,34,1,0.72
2021-11-01,139,35,1,0.72
2021-11-01,139,37,1,0.72
2021-11-01,139,39,1,0.72
2021-11-01,139,40,2,1.44
2021-11-01,139,42,1,0.72
2021-11-01,139,43,1,0.72
2021-11-01,139,44,1,0.72
2021-11-01,139,47,1,0.72
2021-11-01,139,48,1,0.72
2021-11-01,139,49,1,0.72
2021-11-01,139,53,1,0.72
2021-11-01,139,54,1,0.72
2021-11-01,139,56,1,0.72
2021-12-01,140,0,140,100.0
2021-12-01,140,1,3,2.14
2021-12-01,140,2,1,0.71
2021-12-01,140,5,1,0.71
2021-12-01,140,9,1,0.71
2021-12-01,140,15,2,1.43
2021-12-01,140,18,1,0.71
2021-12-01,140,19,1,0.71
2021-12-01,140,21,1,0.71
2021-12-01,140,23,1,0.71
2021-12-01,140,28,1,0.71
2021-12-01,140,29,1,0.71
2021-12-01,140,34,1,0.71
2021-12-01,140,36,2,1.43
2021-12-01,140,38,1,0.71
2021-12-01,140,39,1,0.71
2021-12-01,140,40,1,0.71
2021-12-01,140,47,3,2.14
2021-12-01,140,48,1,0.71
2021-12-01,140,55,1,0.71
2022-01-01,171,0,171,100.0
2022-01-01,171,1,4,2.34
2022-01-01,171,3,1,0.58
2022-01-01,171,4,2,1.17
2022-01-01,171,5,1,0.58
2022-01-01,171,6,1,0.58
2022-01-01,171,11,2,1.17
2022-01-01,171,14,1,0.58
2022-01-01,171,17,1,0.58
2022-01-01,171,18,1,0.58
2022-01-01,171,19,1,0.58
2022-01-01,171,21,1,0.58
2022-01-01,171,25,1,0.58
2022-01-01,171,29,1,0.58
2022-01-01,171,39,2,1.17
2022-01-01,171,44,1,0.58
2022-01-01,171,48,1,0.58
2022-01-01,171,49,3,1.75
2022-01-01,171,51,1,0.58
2022-01-01,171,54,1,0.58
2022-02-01,153,0,153,100.0
2022-02-01,153,1,3,1.96
2022-02-01,153,2,1,0.65
2022-02-01,153,6,3,1.96
2022-02-01,153,7,1,0.65
2022-02-01,153,9,1,0.65
2022-02-01,153,10,1,0.65
2022-02-01,153,11,2,1.31
2022-02-01,153,12,2,1.31
2022-02-01,153,15,1,0.65
2022-02-01,153,16,2,1.31
2022-02-01,153,17,1,0.65
2022-02-01,153,18,3,1.96
2022-02-01,153,20,1,0.65
2022-02-01,153,21,2,1.31
2022-02-01,153,22,1,0.65
2022-02-01,153,24,1,0.65
2022-02-01,153,25,1,0.65
2022-02-01,153,26,1,0.65
2022-02-01,153,27,1,0.65
2022-02-01,153,28,1,0.65
2022-02-01,153,30,1,0.65
2022-02-01,153,35,2,1.31
2022-02-01,153,38,1,0.65
2022-02-01,153,44,1,0.65
2022-02-01,153,45,1,0.65
2022-02-01,153,47,1,0.65
2022-02-01,153,52,1,0.65
2022-02-01,153,54,1,0.65
2022-03-01,174,0,174,100.0
2022-03-01,174,1,3,1.72
2022-03-01,174,2,2,1.15
2022-03-01,174,3,1,0.57
2022-03-01,174,5,2,1.15
2022-03-01,174,10,1,0.57
2022-03-01,174,12,1,0.57
2022-03-01,174,13,2,1.15
2022-03-01,174,14,1,0.57
2022-03-01,174,15,1,0.57
2022-03-01,174,16,1,0.57
2022-03-01,174,17,1,0.57
2022-03-01,174,20,1,0.57
2022-03-01,174,22,1,0.57
2022-03-01,174,27,1,0.57
2022-03-01,174,31,1,0.57
2022-03-01,174,32,1,0.57
2022-03-01,174,33,1,0.57
2022-03-01,174,34,2,1.15
2022-03-01,174,35,1,0.57
2022-03-01,174,39,1,0.57
2022-03-01,174,40,1,0.57
2022-03-01,174,41,2,1.15
2022-03-01,174,42,1,0.57
2022-03-01,174,44,1,0.57
2022-03-01,174,45,3,1.72
2022-03-01,174,49,1,0.57
2022-03-01,174,50,1,0.57
2022-03-01,174,53,2,1.15
2022-04-01,170,0,170,100.0
2022-04-01,170,1,3,1.76
2022-04-01,170,3,1,0.59
2022-04-01,170,7,1,0.59
2022-04-01,170,8,1,0.59
2022-04-01,170,9,2,1.18
2022-04-01,170,12,1,0.59
2022-04-01,170,13,1,0.59
2022-04-01,170,15,1,0.59
2022-04-01,170,16,1,0.59
2022-04-01,170,17,2,1.18
2022-04-01,170,26,1,0.59
2022-04-01,170,27,2,1.18
2022-04-01,170,29,2,1.18
2022-04-01,170,30,1,0.59
2022-04-01,170,31,2,1.18
2022-04-01,170,33,1,0.59
2022-04-01,170,35,3,1.76
2022-04-01,170,38,1,0.59
2022-04-01,170,41,2,1.18
2022-04-01,170,42,1,0.59
2022-04-01,170,44,2,1.18
2022-04-01,170,45,1,0.59
2022-04-01,170,52,1,0.59
2022-05-01,157,0,157,100.0
2022-05-01,157,1,5,3.18
2022-05-01,157,5,1,0.64
2022-05-01,157,6,1,0.64
2022-05-01,157,8,2,1.27
2022-05-01,157,9,1,0.64
2022-05-01,157,11,1,0.64
2022-05-01,157,12,2,1.27
2022-05-01,157,13,3,1.91
2022-05-01,157,14,2,1.27
2022-05-01,157,16,1,0.64
2022-05-01,157,20,3,1.91
2022-05-01,157,21,1,0.64
2022-05-01,157,24,1,0.64
2022-05-01,157,25,1,0.64
2022-05-01,157,29,1,0.64
2022-05-01,157,30,2,1.27
2022-05-01,157,32,1,0.64
2022-05-01,157,33,2,1.27
2022-05-01,157,34,1,0.64
2022-05-01,157,35,1,0.64
2022-05-01,157,42,1,0.64
2022-05-01,157,47,1,0.64
2022-05-01,157,50,1,0.64
2022-06-01,172,0,172,100.0
2022-06-01,172,1,6,3.49
2022-06-01,172,2,1,0.58
2022-06-01,172,5,1,0.58
2022-06-01,172,6,1,0.58
2022-06-01,172,7,3,1.74
2022-06-01,172,8,1,0.58
2022-06-01,172,10,1,0.58
2022-06-01,172,17,2,1.16
2022-06-01,172,19,1,0.58
2022-06-01,172,21,2,1.16
2022-06-01,172,23,2,1.16
2022-06-01,172,25,1,0.58
2022-06-01,172,26,1,0.58
2022-06-01,172,27,2,1.16
2022-06-01,172,28,1,0.58
2022-06-01,172,30,1,0.58
2022-06-01,172,40,1,0.58
2022-06-01,172,43,1,0.58
2022-06-01,172,44,1,0.58
2022-06-01,172,45,2,1.16
2022-06-01,172,46,1,0.58
2022-06-01,172,48,1,0.58
2022-06-01,172,49,1,0.58
2022-07-01,177,0,177,100.0
2022-07-01,177,1,6,3.39
2022-07-01,177,2,1,0.56
2022-07-01,177,3,2,1.13
2022-07-01,177,4,1,0.56
2022-07-01,177,8,4,2.26
2022-07-01,177,9,1,0.56
2022-07-01,177,10,1,0.56
2022-07-01,177,13,2,1.13
2022-07-01,177,14,1,0.56
2022-07-01,177,15,1,0.56
2022-07-01,177,17,1,0.56
2022-07-01,177,20,1,0.56
2022-07-01,177,21,1,0.56
2022-07-01,177,24,1,0.56
2022-07-01,177,25,1,0.56
2022-07-01,177,27,1,0.56
2022-07-01,177,29,1,0.56
2022-07-01,177,31,1,0.56
2022-07-01,177,32,2,1.13
2022-07-01,177,34,1,0.56
2022-07-01,177,36,1,0.56
2022-07-01,177,39,1,0.56
2022-07-01,177,40,2,1.13
2022-07-01,177,42,1,0.56
2022-07-01,177,43,1,0.56
2022-07-01,177,48,1,0.56
2022-07-01,177,49,2,1.13
2022-08-01,201,0,201,100.0
2022-08-01,201,1,6,2.99
2022-08-01,201,3,1,0.5
2022-08-01,201,5,1,0.5
2022-08-01,201,7,2,1.0
2022-08-01,201,8,1,0.5
2022-08-01,201,10,1,0.5
2022-08-01,201,12,1,0.5
2022-08-01,201,16,1,0.5
2022-08-01,201,20,1,0.5
2022-08-01,201,21,1,0.5
2022-08-01,201,23,4,1.99
2022-08-01,201,24,1,0.5
2022-08-01,201,25,2,1.0
2022-08-01,201,26,1,0.5
2022-08-01,201,27,1,0.5
2022-08-01,201,32,1,0.5
2022-08-01,201,33,3,1.49
2022-08-01,201,34,2,1.0
2022-08-01,201,35,1,0.5
2022-08-01,201,36,2,1.0
2022-08-01,201,39,1,0.5
2022-08-01,201,42,1,0.5
2022-08-01,201,43,2,1.0
2022-08-01,201,44,4,1.99
2022-08-01,201,46,2,1.0
2022-08-01,201,48,4,1.99
2022-09-01,174,0,174,100.0
2022-09-01,174,1,4,2.3
2022-09-01,174,2,1,0.57
2022-09-01,174,3,3,1.72
2022-09-01,174,5,2,1.15
2022-09-01,174,6,1,0.57
2022-09-01,174,7,1,0.57
2022-09-01,174,8,2,1.15
2022-09-01,174,10,2,1.15
2022-09-01,174,11,1,0.57
2022-09-01,174,14,2,1.15
2022-09-01,174,15,2,1.15
2022-09-01,174,16,2,1.15
2022-09-01,174,21,1,0.57
2022-09-01,174,22,2,1.15
2022-09-01,174,23,1,0.57
2022-09-01,174,24,1,0.57
2022-09-01,174,25,2,1.15
2022-09-01,174,26,2,1.15
2022-09-01,174,30,2,1.15
2022-09-01,174,31,2,1.15
2022-09-01,174,32,2,1.15
2022-09-01,174,33,1,0.57
2022-09-01,174,34,2,1.15
2022-09-01,174,38,1,0.57
2022-09-01,174,43,1,0.57
2022-09-01,174,44,1,0.57
2022-09-01,174,47,1,0.57
2022-10-01,207,0,207,100.0
2022-10-01,207,1,7,3.38
2022-10-01,207,2,1,0.48
2022-10-01,207,3,1,0.48
2022-10-01,207,4,2,0.97
2022-10-01,207,5,1,0.48
2022-10-01,207,6,3,1.45
2022-10-01,207,8,1,0.48
2022-10-01,207,9,1,0.48
2022-10-01,207,10,1,0.48
2022-10-01,207,15,1,0.48
2022-10-01,207,17,1,0.48
2022-10-01,207,25,4,1.93
2022-10-01,207,27,1,0.48
2022-10-01,207,37,1,0.48
2022-10-01,207,39,1,0.48
2022-10-01,207,40,1,0.48
2022-10-01,207,41,1,0.48
2022-10-01,207,42,1,0.48
2022-10-01,207,43,1,0.48
2022-10-01,207,45,1,0.48
2022-11-01,205,0,205,100.0
2022-11-01,205,1,9,4.39
2022-11-01,205,3,2,0.98
2022-11-01,205,8,3,1.46
2022-11-01,205,9,1,0.49
2022-11-01,205,13,1,0.49
2022-11-01,205,14,1,0.49
2022-11-01,205,15,3,1.46
2022-11-01,205,19,1,0.49
2022-11-01,205,20,1,0.49
2022-11-01,205,23,1,0.49
2022-11-01,205,24,3,1.46
2022-11-01,205,28,1,0.49
2022-11-01,205,29,1,0.49
2022-11-01,205,30,3,1.46
2022-11-01,205,32,2,0.98
2022-11-01,205,40,4,1.95
2022-11-01,205,41,2,0.98
2022-11-01,205,42,4,1.95
2022-11-01,205,43,1,0.49
2022-11-01,205,44,2,0.98
2022-12-01,205,0,205,100.0
2022-12-01,205,1,4,1.95
2022-12-01,205,2,1,0.49
2022-12-01,205,5,2,0.98
2022-12-01,205,6,1,0.49
2022-12-01,205,7,1,0.49
2022-12-01,205,8,1,0.49
2022-12-01,205,9,4,1.95
2022-12-01,205,12,1,0.49
2022-12-01,205,13,1,0.49
2022-12-01,205,14,1,0.49
2022-12-01,205,16,1,0.49
2022-12-01,205,19,1,0.49
2022-12-01,205,20,1,0.49
2022-12-01,205,21,1,0.49
2022-12-01,205,22,1,0.49
2022-12-01,205,23,1,0.49
2022-12-01,205,24,1,0.49
2022-12-01,205,26,1,0.49
2022-12-01,205,28,2,0.98
2022-12-01,205,30,1,0.49
2022-12-01,205,33,1,0.49
2022-12-01,205,35,1,0.49
2022-12-01,205,37,2,0.98
2022-12-01,205,40,1,0.49
2022-12-01,205,41,3,1.46
2022-12-01,205,42,1,0.49
2022-12-01,205,44,1,0.49
2023-01-01,253,0,253,100.0
2023-01-01,253,1,5,1.98
2023-01-01,253,2,2,0.79
2023-01-01,253,4,1,0.4
2023-01-01,253,5,1,0.4
2023-01-01,253,6,1,0.4
2023-01-01,253,8,2,0.79
2023-01-01,253,9,3,1.19
2023-01-01,253,10,1,0.4
2023-01-01,253,11,1,0.4
2023-01-01,253,12,1,0.4
2023-01-01,253,13,1,0.4
2023-01-01,253,18,1,0.4
2023-01-01,253,22,1,0.4
2023-01-01,253,25,2,0.79
2023-01-01,253,26,1,0.4
2023-01-01,253,27,1,0.4
2023-01-01,253,28,1,0.4
2023-01-01,253,29,1,0.4
2023-01-01,253,30,1,0.4
2023-01-01,253,32,1,0.4
2023-01-01,253,34,1,0.4
2023-01-01,253,36,1,0.4
2023-01-01,253,37,1,0.4
2023-01-01,253,38,1,0.4
2023-01-01,253,39,1,0.4
2023-01-01,253,40,1,0.4
2023-01-01,253,42,3,1.19
2023-02-01,234,0,234,100.0
2023-02-01,234,1,3,1.28
2023-02-01,234,3,2,0.85
2023-02-01,234,4,2,0.85
2023-02-01,234,5,1,0.43
2023-02-01,234,6,2,0.85
2023-02-01,234,7,1,0.43
2023-02-01,234,8,1,0.43
2023-02-01,234,9,1,0.43
2023-02-01,234,12,1,0.43
2023-02-01,234,13,1,0.43
2023-02-01,234,14,2,0.85
2023-02-01,234,16,1,0.43
2023-02-01,234,17,2,0.85
2023-02-01,234,18,1,0.43
2023-02-01,234,19,1,0.43
2023-02-01,234,21,1,0.43
2023-02-01,234,23,1,0.43
2023-02-01,234,24,2,0.85
2023-02-01,234,25,1,0.43
2023-02-01,234,26,1,0.43
2023-02-01,234,27,2,0.85
2023-02-01,234,28,1,0.43
2023-02-01,234,29,2,0.85
2023-02-01,234,30,1,0.43
2023-02-01,234,33,1,0.43
2023-02-01,234,34,1,0.43
2023-02-01,234,38,2,0.85
2023-02-01,234,40,1,0.43
2023-02-01,234,41,1,0.43
2023-02-01,234,42,1,0.43
2023-03-01,254,0,254,100.0
2023-03-01,254,1,7,2.76
2023-03-01,254,3,2,0.79
2023-03-01,254,4,2,0.79
2023-03-01,254,5,2,0.79
2023-03-01,254,6,2,0.79
2023-03-01,254,7,1,0.39
2023-03-01,254,10,1,0.39
2023-03-01,254,11,1,0.39
2023-03-01,254,12,1,0.39
2023-03-01,254,13,1,0.39
2023-03-01,254,14,1,0.39
2023-03-01,254,16,2,0.79
2023-03-01,254,17,1,0.39
2023-03-01,254,18,1,0.39
2023-03-01,254,19,2,0.79
2023-03-01,254,20,2,0.79
2023-03-01,254,21,1,0.39
2023-03-01,254,22,1,0.39
2023-03-01,254,23,1,0.39
2023-03-01,254,24,1,0.39
2023-03-01,254,25,1,0.39
2023-03-01,254,27,1,0.39
2023-03-01,254,28,1,0.39
2023-03-01,254,31,1,0.39
2023-03-01,254,32,1,0.39
2023-03-01,254,33,1,0.39
2023-03-01,254,35,2,0.79
2023-03-01,254,36,1,0.39
2023-03-01,254,38,1,0.39
2023-03-01,254,39,2,0.79
2023-03-01,254,40,2,0.79
2023-03-01,254,41,4,1.57
2023-04-01,234,0,234,100.0
2023-04-01,234,1,6,2.56
2023-04-01,234,2,1,0.43
2023-04-01,234,6,1,0.43
2023-04-01,234,7,2,0.85
2023-04-01,234,8,1,0.43
2023-04-01,234,11,2,0.85
2023-04-01,234,19,3,1.28
2023-04-01,234,20,3,1.28
2023-04-01,234,21,1,0.43
2023-04-01,234,22,1,0.43
2023-04-01,234,23,1,0.43
2023-04-01,234,24,3,1.28
2023-04-01,234,25,3,1.28
2023-04-01,234,26,2,0.85
2023-04-01,234,27,1,0.43
2023-04-01,234,29,1,0.43
2023-04-01,234,32,2,0.85
2023-04-01,234,33,1,0.43
2023-04-01,234,34,2,0.85
2023-04-01,234,35,1,0.43
2023-04-01,234,36,1,0.43
2023-04-01,234,38,3,1.28
2023-04-01,234,40,1,0.43
2023-05-01,280,0,280,100.0
2023-05-01,280,1,4,1.43
2023-05-01,280,2,2,0.71
2023-05-01,280,3,2,0.71
2023-05-01,280,4,2,0.71
2023-05-01,280,5,1,0.36
2023-05-01,280,6,2,0.71
2023-05-01,280,7,4,1.43
2023-05-01,280,8,3,1.07
2023-05-01,280,9,1,0.36
2023-05-01,280,10,1,0.36
2023-05-01,280,11,1,0.36
2023-05-01,280,12,1,0.36
2023-05-01,280,13,1,0.36
2023-05-01,280,14,1,0.36
2023-05-01,280,15,4,1.43
2023-05-01,280,17,2,0.71
2023-05-01,280,20,1,0.36
2023-05-01,280,21,1,0.36
2023-05-01,280,22,1,0.36
2023-05-01,280,23,2,0.71
2023-05-01,280,24,2,0.71
2023-05-01,280,25,2,0.71
2023-05-01,280,26,2,0.71
2023-05-01,280,28,2,0.71
2023-05-01,280,29,2,0.71
2023-05-01,280,32,2,0.71
2023-05-01,280,34,1,0.36
2023-05-01,280,35,1,0.36
2023-05-01,280,38,2,0.71
2023-05-01,280,39,1,0.36
2023-06-01,245,0,245,100.0
2023-06-01,245,1,7,2.86
2023-06-01,245,3,1,0.41
2023-06-01,245,5,1,0.41
2023-06-01,245,6,1,0.41
2023-06-01,245,7,1,0.41
2023-06-01,245,8,1,0.41
2023-06-01,245,10,3,1.22
2023-06-01,245,11,2,0.82
2023-06-01,245,12,1,0.41
2023-06-01,245,13,1,0.41
2023-06-01,245,14,3,1.22
2023-06-01,245,16,1,0.41
2023-06-01,245,20,1,0.41
2023-06-01,245,21,3,1.22
2023-06-01,245,22,5,2.04
2023-06-01,245,24,1,0.41
2023-06-01,245,26,1,0.41
2023-06-01,245,27,1,0.41
2023-06-01,245,29,1,0.41
2023-06-01,245,30,1,0.41
2023-06-01,245,35,2,0.82
2023-06-01,245,36,1,0.41
2023-06-01,245,38,1,0.41
2023-07-01,268,0,268,100.0
2023-07-01,268,1,8,2.99
2023-07-01,268,4,1,0.37
2023-07-01,268,6,1,0.37
2023-07-01,268,8,2,0.75
2023-07-01,268,10,1,0.37
2023-07-01,268,12,3,1.12
2023-07-01,268,15,1,0.37
2023-07-01,268,16,3,1.12
2023-07-01,268,17,2,0.75
2023-07-01,268,18,2,0.75
2023-07-01,268,19,1,0.37
2023-07-01,268,20,3,1.12
2023-07-01,268,21,2,0.75
2023-07-01,268,22,1,0.37
2023-07-01,268,23,1,0.37
2023-07-01,268,24,2,0.75
2023-07-01,268,27,3,1.12
2023-07-01,268,29,1,0.37
2023-07-01,268,30,2,0.75
2023-07-01,268,33,1,0.37
2023-07-01,268,34,1,0.37
2023-07-01,268,35,1,0.37
2023-07-01,268,36,3,1.12
2023-07-01,268,37,1,0.37
2023-08-01,278,0,278,100.0
2023-08-01,278,1,4,1.44
2023-08-01,278,3,2,0.72
2023-08-01,278,5,2,0.72
2023-08-01,278,6,2,0.72
2023-08-01,278,8,2,0.72
2023-08-01,278,10,2,0.72
2023-08-01,278,12,2,0.72
2023-08-01,278,15,2,0.72
2023-08-01,278,16,2,0.72
2023-08-01,278,17,3,1.08
2023-08-01,278,18,1,0.36
2023-08-01,278,20,2,0.72
2023-08-01,278,22,2,0.72
2023-08-01,278,26,1,0.36
2023-08-01,278,27,1,0.36
2023-08-01,278,28,2,0.72
2023-08-01,278,29,1,0.36
2023-08-01,278,30,2,0.72
2023-08-01,278,31,2,0.72
2023-08-01,278,32,2,0.72
2023-08-01,278,33,1,0.36
2023-08-01,278,34,1,0.36
2023-08-01,278,35,4,1.44
2023-09-01,286,0,286,100.0
2023-09-01,286,1,7,2.45
2023-09-01,286,2,2,0.7
2023-09-01,286,5,1,0.35
2023-09-01,286,6,2,0.7
2023-09-01,286,7,1,0.35
2023-09-01,286,8,1,0.35
2023-09-01,286,11,1,0.35
2023-09-01,286,12,1,0.35
2023-09-01,286,14,1,0.35
2023-09-01,286,15,1,0.35
2023-09-01,286,16,1,0.35
2023-09-01,286,18,1,0.35
2023-09-01,286,19,4,1.4
2023-09-01,286,20,2,0.7
2023-09-01,286,21,2,0.7
2023-09-01,286,22,1,0.35
2023-09-01,286,23,4,1.4
2023-09-01,286,24,2,0.7
2023-09-01,286,25,1,0.35
2023-09-01,286,26,2,0.7
2023-09-01,286,27,2,0.7
2023-09-01,286,28,3,1.05
2023-09-01,286,29,1,0.35
2023-09-01,286,30,1,0.35
2023-09-01,286,31,1,0.35
2023-09-01,286,33,1,0.35
2023-09-01,286,34,2,0.7
2023-09-01,286,35,2,0.7
2023-10-01,298,0,298,100.0
2023-10-01,298,1,10,3.36
2023-10-01,298,2,1,0.34
2023-10-01,298,3,1,0.34
2023-10-01,298,4,2,0.67
2023-10-01,298,5,5,1.68
2023-10-01,298,7,1,0.34
2023-10-01,298,9,2,0.67
2023-10-01,298,10,3,1.01
2023-10-01,298,11,2,0.67
2023-10-01,298,12,2,0.67
2023-10-01,298,13,1,0.34
2023-10-01,298,14,1,0.34
2023-10-01,298,15,3,1.01
2023-10-01,298,16,2,0.67
2023-10-01,298,17,1,0.34
2023-10-01,298,18,1,0.34
2023-10-01,298,20,2,0.67
2023-10-01,298,21,1,0.34
2023-10-01,298,22,3,1.01
2023-10-01,298,23,2,0.67
2023-10-01,298,24,3,1.01
2023-10-01,298,25,1,0.34
2023-10-01,298,26,3,1.01
2023-10-01,298,27,2,0.67
2023-10-01,298,28,1,0.34
2023-10-01,298,29,1,0.34
2023-10-01,298,31,1,0.34
2023-10-01,298,32,2,0.67
2023-10-01,298,33,3,1.01
2023-10-01,298,34,2,0.67
2023-11-01,328,0,328,100.0
2023-11-01,328,1,4,1.22
2023-11-01,328,2,3,0.91
2023-11-01,328,3,4,1.22
2023-11-01,328,5,1,0.3
2023-11-01,328,7,2,0.61
2023-11-01,328,9,3,0.91
2023-11-01,328,11,1,0.3
2023-11-01,328,12,1,0.3
2023-11-01,328,13,1,0.3
2023-11-01,328,14,2,0.61
2023-11-01,328,15,5,1.52
2023-11-01,328,16,1,0.3
2023-11-01,328,17,3,0.91
2023-11-01,328,19,2,0.61
2023-11-01,328,20,1,0.3
2023-11-01,328,21,1,0.3
2023-11-01,328,22,2,0.61
2023-11-01,328,23,3,0.91
2023-11-01,328,25,1,0.3
2023-11-01,328,26,1,0.3
2023-11-01,328,27,3,0.91
2023-11-01,328,28,2,0.61
2023-11-01,328,29,3,0.91
2023-11-01,328,30,2,0.61
2023-11-01,328,31,2,0.61
2023-11-01,328,33,1,0.3
2023-12-01,279,0,279,100.0
2023-12-01,279,1,10,3.58
2023-12-01,279,2,1,0.36
2023-12-01,279,5,2,0.72
2023-12-01,279,6,2,0.72
2023-12-01,279,7,1,0.36
2023-12-01,279,8,1,0.36
2023-12-01,279,9,2,0.72
2023-12-01,279,10,2,0.72
2023-12-01,279,11,3,1.08
2023-12-01,279,13,1,0.36
2023-12-01,279,14,2,0.72
2023-12-01,279,16,1,0.36
2023-12-01,279,18,1,0.36
2023-12-01,279,19,1,0.36
2023-12-01,279,21,2,0.72
2023-12-01,279,24,1,0.36
2023-12-01,279,25,3,1.08
2023-12-01,279,26,3,1.08
2023-12-01,279,27,3,1.08
2023-12-01,279,28,3,1.08
2023-12-01,279,30,1,0.36
2023-12-01,279,31,2,0.72
2024-01-01,342,0,342,100.0
2024-01-01,342,1,8,2.34
2024-01-01,342,2,1,0.29
2024-01-01,342,3,2,0.58
2024-01-01,342,4,2,0.58
2024-01-01,342,5,4,1.17
2024-01-01,342,6,3,0.88
2024-01-01,342,7,1,0.29
2024-01-01,342,8,1,0.29
2024-01-01,342,9,3,0.88
2024-01-01,342,10,1,0.29
2024-01-01,342,11,2,0.58
2024-01-01,342,12,2,0.58
2024-01-01,342,13,4,1.17
2024-01-01,342,15,1,0.29
2024-01-01,342,16,4,1.17
2024-01-01,342,17,1,0.29
2024-01-01,342,18,2,0.58
2024-01-01,342,20,1,0.29
2024-01-01,342,21,2,0.58
2024-01-01,342,22,2,0.58
2024-01-01,342,23,3,0.88
2024-01-01,342,24,2,0.58
2024-01-01,342,25,1,0.29
2024-01-01,342,26,2,0.58
2024-01-01,342,30,2,0.58
2024-01-01,342,31,1,0.29
2024-02-01,303,0,303,100.0
2024-02-01,303,1,3,0.99
2024-02-01,303,3,2,0.66
2024-02-01,303,4,3,0.99
2024-02-01,303,6,3,0.99
2024-02-01,303,8,1,0.33
2024-02-01,303,9,2,0.66
2024-02-01,303,10,2,0.66
2024-02-01,303,11,1,0.33
2024-02-01,303,12,2,0.66
2024-02-01,303,13,2,0.66
2024-02-01,303,14,2,0.66
2024-02-01,303,16,1,0.33
2024-02-01,303,17,2,0.66
2024-02-01,303,19,1,0.33
2024-02-01,303,20,3,0.99
2024-02-01,303,21,1,0.33
2024-02-01,303,22,1,0.33
2024-02-01,303,23,2,0.66
2024-02-01,303,26,2,0.66
2024-02-01,303,28,1,0.33
2024-02-01,303,29,2,0.66
2024-02-01,303,30,3,0.99
2024-03-01,332,0,332,100.0
2024-03-01,332,1,8,2.41
2024-03-01,332,3,3,0.9
2024-03-01,332,5,3,0.9
2024-03-01,332,6,2,0.6
2024-03-01,332,7,1,0.3
2024-03-01,332,9,3,0.9
2024-03-01,332,11,4,1.2
2024-03-01,332,12,1,0.3
2024-03-01,332,14,3,0.9
2024-03-01,332,15,3,0.9
2024-03-01,332,16,3,0.9
2024-03-01,332,17,2,0.6
2024-03-01,332,18,3,0.9
2024-03-01,332,19,1,0.3
2024-03-01,332,20,1,0.3
2024-03-01,332,21,1,0.3
2024-03-01,332,22,4,1.2
2024-03-01,332,23,2,0.6
2024-03-01,332,24,1,0.3
2024-03-01,332,25,1,0.3
2024-03-01,332,26,2,0.6
2024-03-01,332,27,5,1.51
2024-03-01,332,29,2,0.6
2024-04-01,323,0,323,100.0
2024-04-01,323,1,5,1.55
2024-04-01,323,2,4,1.24
2024-04-01,323,3,1,0.31
2024-04-01,323,4,2,0.62
2024-04-01,323,5,1,0.31
2024-04-01,323,6,3,0.93
2024-04-01,323,7,3,0.93
2024-04-01,323,9,1,0.31
2024-04-01,323,10,2,0.62
2024-04-01,323,11,1,0.31
2024-04-01,323,12,2,0.62
2024-04-01,323,13,2,0.62
2024-04-01,323,14,1,0.31
2024-04-01,323,15,4,1.24
2024-04-01,323,16,2,0.62
2024-04-01,323,17,1,0.31
2024-04-01,323,18,1,0.31
2024-04-01,323,19,4,1.24
2024-04-01,323,21,1,0.31
2024-04-01,323,23,2,0.62
2024-04-01,323,24,1,0.31
2024-04-01,323,25,1,0.31
2024-04-01,323,26,2,0.62
2024-04-01,323,27,2,0.62
2024-04-01,323,28,5,1.55
2024-05-01,389,0,389,100.0
2024-05-01,389,1,15,3.86
2024-05-01,389,2,3,0.77
2024-05-01,389,3,6,1.54
2024-05-01,389,4,2,0.51
2024-05-01,389,5,2,0.51
2024-05-01,389,6,2,0.51
2024-05-01,389,9,2,0.51
2024-05-01,389,10,2,0.51
2024-05-01,389,11,1,0.26
2024-05-01,389,12,1,0.26
2024-05-01,389,14,4,1.03
2024-05-01,389,15,3,0.77
2024-05-01,389,16,1,0.26
2024-05-01,389,17,1,0.26
2024-05-01,389,18,2,0.51
2024-05-01,389,20,2,0.51
2024-05-01,389,21,2,0.51
2024-05-01,389,23,5,1.29
2024-05-01,389,24,3,0.77
2024-05-01,389,26,4,1.03
2024-05-01,389,27,4,1.03
2024-06-01,354,0,354,100.0
2024-06-01,354,1,9,2.54
2024-06-01,354,2,1,0.28
2024-06-01,354,4,1,0.28
2024-06-01,354,5,2,0.56
2024-06-01,354,6,2,0.56
2024-06-01,354,7,3,0.85
2024-06-01,354,8,1,0.28
2024-06-01,354,9,1,0.28
2024-06-01,354,10,2,0.56
2024-06-01,354,11,3,0.85
2024-06-01,354,13,3,0.85
2024-06-01,354,14,2,0.56
2024-06-01,354,15,1,0.28
2024-06-01,354,16,3,0.85
2024-06-01,354,17,1,0.28
2024-06-01,354,18,1,0.28
2024-06-01,354,19,2,0.56
2024-06-01,354,20,3,0.85
2024-06-01,354,21,4,1.13
2024-06-01,354,23,3,0.85
2024-06-01,354,24,3,0.85
2024-06-01,354,25,1,0.28
2024-06-01,354,26,1,0.28
2024-07-01,422,0,422,100.0
2024-07-01,422,1,8,1.9
2024-07-01,422,3,8,1.9
2024-07-01,422,4,2,0.47
2024-07-01,422,5,1,0.24
2024-07-01,422,6,3,0.71
2024-07-01,422,7,1,0.24
2024-07-01,422,8,5,1.18
2024-07-01,422,9,4,0.95
2024-07-01,422,10,4,0.95
2024-07-01,422,11,3,0.71
2024-07-01,422,12,2,0.47
2024-07-01,422,13,3,0.71
2024-07-01,422,14,2,0.47
2024-07-01,422,15,3,0.71
2024-07-01,422,16,1,0.24
2024-07-01,422,17,4,0.95
2024-07-01,422,18,3,0.71
2024-07-01,422,19,2,0.47
2024-07-01,422,20,1,0.24
2024-07-01,422,21,3,0.71
2024-07-01,422,22,1,0.24
2024-07-01,422,23,1,0.24
2024-07-01,422,24,1,0.24
2024-07-01,422,25,5,1.18
2024-08-01,395,0,395,100.0
2024-08-01,395,1,13,3.29
2024-08-01,395,2,2,0.51
2024-08-01,395,3,2,0.51
2024-08-01,395,4,3,0.76
2024-08-01,395,5,6,1.52
2024-08-01,395,6,3,0.76
2024-08-01,395,7,4,1.01
2024-08-01,395,8,1,0.25
2024-08-01,395,9,2,0.51
2024-08-01,395,10,1,0.25
2024-08-01,395,11,4,1.01
2024-08-01,395,12,4,1.01
2024-08-01,395,13,1,0.25
2024-08-01,395,14,3,0.76
2024-08-01,395,15,5,1.27
2024-08-01,395,17,5,1.27
2024-08-01,395,18,2,0.51
2024-08-01,395,19,1,0.25
2024-08-01,395,20,2,0.51
2024-08-01,395,21,2,0.51
2024-08-01,395,22,2,0.51
2024-08-01,395,23,3,0.76
2024-08-01,395,24,1,0.25
2024-09-01,391,0,391,100.0
2024-09-01,391,1,10,2.56
2024-09-01,391,2,2,0.51
2024-09-01,391,3,1,0.26
2024-09-01,391,4,1,0.26
2024-09-01,391,5,1,0.26
2024-09-01,391,6,2,0.51
2024-09-01,391,7,1,0.26
2024-09-01,391,8,6,1.53
2024-09-01,391,9,4,1.02
2024-09-01,391,10,4,1.02
2024-09-01,391,11,2,0.51
2024-09-01,391,12,2,0.51
2024-09-01,391,13,2,0.51
2024-09-01,391,14,1,0.26
2024-09-01,391,15,1,0.26
2024-09-01,391,16,2,0.51
2024-09-01,391,18,2,0.51
2024-09-01,391,19,3,0.77
2024-09-01,391,20,2,0.51
2024-09-01,391,22,2,0.51
2024-09-01,391,23,3,0.77
2024-10-01,416,0,416,100.0
2024-10-01,416,1,9,2.16
2024-10-01,416,2,4,0.96
2024-10-01,416,3,7,1.68
2024-10-01,416,4,4,0.96
2024-10-01,416,5,1,0.24
2024-10-01,416,6,4,0.96
2024-10-01,416,7,2,0.48
2024-10-01,416,8,2,0.48
2024-10-01,416,9,4,0.96
2024-10-01,416,10,6,1.44
2024-10-01,416,11,5,1.2
2024-10-01,416,12,4,0.96
2024-10-01,416,13,2,0.48
2024-10-01,416,14,1,0.24
2024-10-01,416,15,3,0.72
2024-10-01,416,16,4,0.96
2024-10-01,416,17,3,0.72
2024-10-01,416,18,2,0.48
2024-10-01,416,19,2,0.48
2024-10-01,416,20,3,0.72
2024-10-01,416,21,2,0.48
2024-10-01,416,22,3,0.72
2024-11-01,436,0,436,100.0
2024-11-01,436,1,8,1.83
2024-11-01,436,2,5,1.15
2024-11-01,436,3,3,0.69
2024-11-01,436,4,3,0.69
2024-11-01,436,6,2,0.46
2024-11-01,436,7,2,0.46
2024-11-01,436,8,3,0.69
2024-11-01,436,10,1,0.23
2024-11-01,436,11,6,1.38
2024-11-01,436,12,2,0.46
2024-11-01,436,13,3,0.69
2024-11-01,436,14,3,0.69
2024-11-01,436,15,2,0.46
2024-11-01,436,16,4,0.92
2024-11-01,436,17,4,0.92
2024-11-01,436,18,1,0.23
2024-11-01,436,19,2,0.46
2024-11-01,436,20,4,0.92
2024-11-01,436,21,3,0.69
2024-12-01,454,0,454,100.0
2024-12-01,454,1,14,3.08
2024-12-01,454,2,1,0.22
2024-12-01,454,3,2,0.44
2024-12-01,454,4,4,0.88
2024-12-01,454,5,4,0.88
2024-12-01,454,6,4,0.88
2024-12-01,454,7,7,1.54
2024-12-01,454,8,2,0.44
2024-12-01,454,9,3,0.66
2024-12-01,454,10,4,0.88
2024-12-01,454,11,3,0.66
2024-12-01,454,12,3,0.66
2024-12-01,454,13,8,1.76
2024-12-01,454,14,5,1.1
2024-12-01,454,15,4,0.88
2024-12-01,454,16,1,0.22
2024-12-01,454,18,3,0.66
2024-12-01,454,20,1,0.22
2025-01-01,430,0,430,100.0
2025-01-01,430,1,12,2.79
2025-01-01,430,2,2,0.47
2025-01-01,430,3,4,0.93
2025-01-01,430,4,1,0.23
2025-01-01,430,5,3,0.7
2025-01-01,430,6,3,0.7
2025-01-01,430,7,1,0.23
2025-01-01,430,8,1,0.23
2025-01-01,430,9,5,1.16
2025-01-01,430,10,3,0.7
2025-01-01,430,11,2,0.47
2025-01-01,430,12,5,1.16
2025-01-01,430,13,2,0.47
2025-01-01,430,14,3,0.7
2025-01-01,430,15,1,0.23
2025-01-01,430,16,2,0.47
2025-01-01,430,17,2,0.47
2025-01-01,430,18,2,0.47
2025-01-01,430,19,2,0.47
2025-02-01,430,0,430,100.0
2025-02-01,430,1,6,1.4
2025-02-01,430,2,4,0.93
2025-02-01,430,3,5,1.16
2025-02-01,430,4,4,0.93
2025-02-01,430,5,1,0.23
2025-02-01,430,6,5,1.16
2025-02-01,430,7,2,0.47
2025-02-01,430,8,5,1.16
2025-02-01,430,9,1,0.23
2025-02-01,430,10,5,1.16
2025-02-01,430,11,6,1.4
2025-02-01,430,12,3,0.7
2025-02-01,430,13,4,0.93
2025-02-01,430,14,2,0.47
2025-02-01,430,15,1,0.23
2025-02-01,430,16,6,1.4
2025-02-01,430,17,2,0.47
2025-02-01,430,18,2,0.47
2025-03-01,446,0,446,100.0
2025-03-01,446,1,14,3.14
2025-03-01,446,2,2,0.45
2025-03-01,446,3,4,0.9
2025-03-01,446,4,6,1.35
2025-03-01,446,5,7,1.57
2025-03-01,446,6,1,0.22
2025-03-01,446,7,3,0.67
2025-03-01,446,8,1,0.22
2025-03-01,446,9,4,0.9
2025-03-01,446,10,6,1.35
2025-03-01,446,11,3,0.67
2025-03-01,446,12,4,0.9
2025-03-01,446,13,5,1.12
2025-03-01,446,14,4,0.9
2025-03-01,446,15,1,0.22
2025-03-01,446,16,3,0.67
2025-03-01,446,17,1,0.22
2025-04-01,504,0,504,100.0
2025-04-01,504,1,11,2.18
2025-04-01,504,2,5,0.99
2025-04-01,504,3,3,0.6
2025-04-01,504,4,2,0.4
2025-04-01,504,5,6,1.19
2025-04-01,504,6,4,0.79
2025-04-01,504,7,5,0.99
2025-04-01,504,8,4,0.79
2025-04-01,504,9,6,1.19
2025-04-01,504,10,2,0.4
2025-04-01,504,11,8,1.59
2025-04-01,504,12,5,0.99
2025-04-01,504,13,3,0.6
2025-04-01,504,14,6,1.19
2025-04-01,504,15,2,0.4
2025-04-01,504,16,4,0.79
2025-05-01,572,0,572,100.0
2025-05-01,572,1,19,3.32
2025-05-01,572,2,6,1.05
2025-05-01,572,3,2,0.35
2025-05-01,572,4,8,1.4
2025-05-01,572,5,7,1.22
2025-05-01,572,6,2,0.35
2025-05-01,572,7,1,0.17
2025-05-01,572,8,8,1.4
2025-05-01,572,9,3,0.52
2025-05-01,572,10,2,0.35
2025-05-01,572,11,5,0.87
2025-05-01,572,12,2,0.35
2025-05-01,572,13,5,0.87
2025-05-01,572,14,6,1.05
2025-05-01,572,15,4,0.7
2025-06-01,469,0,469,100.0
2025-06-01,469,1,14,2.99
2025-06-01,469,2,4,0.85
2025-06-01,469,3,4,0.85
2025-06-01,469,4,1,0.21
2025-06-01,469,5,1,0.21
2025-06-01,469,6,4,0.85
2025-06-01,469,7,2,0.43
2025-06-01,469,8,3,0.64
2025-06-01,469,9,4,0.85
2025-06-01,469,10,4,0.85
2025-06-01,469,11,8,1.71
2025-06-01,469,12,7,1.49
2025-06-01,469,13,4,0.85
2025-06-01,469,14,4,0.85
2025-07-01,521,0,521,100.0
2025-07-01,521,1,24,4.61
2025-07-01,521,2,9,1.73
2025-07-01,521,3,6,1.15
2025-07-01,521,4,3,0.58
2025-07-01,521,5,4,0.77
2025-07-01,521,6,6,1.15
2025-07-01,521,7,4,0.77
2025-07-01,521,8,6,1.15
2025-07-01,521,9,5,0.96
2025-07-01,521,10,6,1.15
2025-07-01,521,11,2,0.38
2025-07-01,521,12,5,0.96
2025-07-01,521,13,3,0.58
2025-08-01,537,0,537,100.0
2025-08-01,537,1,14,2.61
2025-08-01,537,2,6,1.12
2025-08-01,537,3,5,0.93
2025-08-01,537,4,3,0.56
2025-08-01,537,5,4,0.74
2025-08-01,537,6,6,1.12
2025-08-01,537,7,4,0.74
2025-08-01,537,8,4,0.74
2025-08-01,537,9,3,0.56
2025-08-01,537,10,7,1.3
2025-08-01,537,11,5,0.93
2025-08-01,537,12,5,0.93
2025-09-01,566,0,566,100.0
2025-09-01,566,1,15,2.65
2025-09-01,566,2,3,0.53
2025-09-01,566,3,5,0.88
2025-09-01,566,4,6,1.06
2025-09-01,566,5,3,0.53
2025-09-01,566,6,4,0.71
2025-09-01,566,7,3,0.53
2025-09-01,566,8,6,1.06
2025-09-01,566,9,5,0.88
2025-09-01,566,10,6,1.06
2025-09-01,566,11,7,1.24
2025-10-01,613,0,613,100.0
2025-10-01,613,1,18,2.94
2025-10-01,613,2,6,0.98
2025-10-01,613,3,10,1.63
2025-10-01,613,4,10,1.63
2025-10-01,613,5,12,1.96
2025-10-01,613,6,7,1.14
2025-10-01,613,7,8,1.31
2025-10-01,613,8,7,1.14
2025-10-01,613,9,6,0.98
2025-10-01,613,10,3,0.49
2025-11-01,633,0,633,100.0
2025-11-01,633,1,23,3.63
2025-11-01,633,2,4,0.63
2025-11-01,633,3,16,2.53
2025-11-01,633,4,7,1.11
2025-11-01,633,5,4,0.63
2025-11-01,633,6,3,0.47
2025-11-01,633,7,11,1.74
2025-11-01,633,8,8,1.26
2025-11-01,633,9,5,0.79
2025-12-01,659,0,659,100.0
2025-12-01,659,1,21,3.19
2025-12-01,659,2,9,1.37
2025-12-01,659,3,7,1.06
2025-12-01,659,4,10,1.52
2025-12-01,659,5,8,1.21
2025-12-01,659,6,12,1.82
2025-12-01,659,7,6,0.91
2025-12-01,659,8,14,2.12
2026-01-01,686,0,686,100.0
2026-01-01,686,1,25,3.64
2026-01-01,686,2,9,1.31
2026-01-01,686,3,9,1.31
2026-01-01,686,4,14,2.04
2026-01-01,686,5,6,0.87
2026-01-01,686,6,12,1.75
2026-01-01,686,7,10,1.46
2026-02-01,609,0,609,100.0
2026-02-01,609,1,30,4.93
2026-02-01,609,2,11,1.81
2026-02-01,609,3,5,0.82
2026-02-01,609,4,11,1.81
2026-02-01,609,5,4,0.66
2026-02-01,609,6,12,1.97
2026-03-01,743,0,743,100.0
2026-03-01,743,1,31,4.17
2026-03-01,743,2,14,1.88
2026-03-01,743,3,16,2.15
2026-03-01,743,4,16,2.15
2026-03-01,743,5,14,1.88
2026-04-01,763,0,763,100.0
2026-04-01,763,1,26,3.41
2026-04-01,763,2,9,1.18
2026-04-01,763,3,11,1.44
2026-04-01,763,4,18,2.36
2026-05-01,829,0,829,100.0
2026-05-01,829,1,34,4.1
2026-05-01,829,2,14,1.69
2026-05-01,829,3,14,1.69
2026-06-01,906,0,906,100.0
2026-06-01,906,1,36,3.97
2026-06-01,906,2,26,2.87
2026-07-01,1051,0,1051,100.0
2026-07-01,1051,1,59,5.61
2026-08-01,1145,0,1145,100.0
